username,first_name,last_name,email,password,is_staff
marcos,Marcos,Medeiros,medeiros@lab.com,123456,False
rosana,Rosana,Preusller,preusller@lab.com,123456,False
roberta,Roberta,Aparecida Moura,robaparecida@lab.com,123456,False
paulo,Paulo,Aquino Souza,paulo@lab.com,123456,False

